{
  "manifestVersion": "3.2",
  "admin": {
    "address": "0xC6F61bccac836E38b03d4fBA09Ec94B7D97D9102",
    "txHash": "0x83febc5663040e1c68008e5e483f9d880d7356f3ea20806563679412e2c4613f"
  },
  "proxies": [
    {
      "address": "0xB7f4057b04A867b6D2d9D5AB1598Db8234d7c800",
      "txHash": "0xf654e6318dbeba1d723abce8030419310ec3c8649f4b72502b933b8ab813cf01",
      "kind": "transparent"
    },
    {
      "address": "0xe8EF786206c785285144e768bb122a25CbD7d850",
      "txHash": "0x02f952e58894be0637c32067419523f0c8b63818af7fbb08821631e04bc9692b",
      "kind": "transparent"
    },
    {
      "address": "0xB81b3Db897c98B5DffBf3526d651273b531EdAAe",
      "txHash": "0x8647b27dccb42e4c7384463bd4648955ba9b221c183e92e5aaa81ba959bf479c",
      "kind": "transparent"
    },
    {
      "address": "0x13D6988A542DB14aDb4C7E2f4E91c14DB971630A",
      "txHash": "0xbbdac557bbc57ba46e09439c03e5a962fef19be08933efb8ec7f79e81d107545",
      "kind": "transparent"
    },
    {
      "address": "0x78C2261ae5090ACCCc83307926be259B65E968a0",
      "txHash": "0xd1ca1b458f44516a02d51cdb8d4c3ecb88d395f1681feee3baaff06b5254d520",
      "kind": "transparent"
    },
    {
      "address": "0x0f444aAF987E2aD87325BEaea247E48D338682DD",
      "txHash": "0x694453be78ebc8fad6b4f25684d977dc2b7c5a643c528df6a6e9da86b5891d82",
      "kind": "transparent"
    },
    {
      "address": "0xBa551131Bc205205252562234a041796eDEF9913",
      "txHash": "0x64bc61e6d83891c88cdff3ef5890cd4b4341372efa298a13d31f87ebcc535268",
      "kind": "transparent"
    },
    {
      "address": "0x243b7C6951fb674d69F5B7fA854c1A01857f9BdE",
      "txHash": "0xf0b08eb3ae9cae9c057e9473b85c49537272487e50248b99d74a8922d52071f1",
      "kind": "transparent"
    },
    {
      "address": "0x9dD8173ff69A9aFc4A9118FE211AF2a5C46125A8",
      "txHash": "0xe2e7b8e53be51866977931160bb1bac376d0c741a58dd7066e1d19c07c9c564e",
      "kind": "transparent"
    }
  ],
  "impls": {
    "b4c9cbc9a3872bea5a3cd6c9c8af4ed36dddce99ec2958e93fba4b18fc60fe98": {
      "address": "0x17DCC2455a6875554EdFA220E17a30b3CD87Db20",
      "txHash": "0x13e0bd57ac8a2cab17f62f611d11a6df65b9fb113fefe6fa10f51491edb90d1c",
      "layout": {
        "solcVersion": "0.8.10",
        "storage": [
          {
            "contract": "Initializable",
            "label": "_initialized",
            "type": "t_uint8",
            "src": "../@openzeppelin/contracts-upgradeable/proxy/utils/Initializable.sol:63",
            "retypedFrom": "bool"
          },
          {
            "contract": "Initializable",
            "label": "_initializing",
            "type": "t_bool",
            "src": "../@openzeppelin/contracts-upgradeable/proxy/utils/Initializable.sol:68"
          },
          {
            "contract": "ContextUpgradeable",
            "label": "__gap",
            "type": "t_array(t_uint256)50_storage",
            "src": "../@openzeppelin/contracts-upgradeable/utils/ContextUpgradeable.sol:40"
          },
          {
            "contract": "ERC20Upgradeable",
            "label": "_balances",
            "type": "t_mapping(t_address,t_uint256)",
            "src": "../@openzeppelin/contracts-upgradeable/token/ERC20/ERC20Upgradeable.sol:40"
          },
          {
            "contract": "ERC20Upgradeable",
            "label": "_allowances",
            "type": "t_mapping(t_address,t_mapping(t_address,t_uint256))",
            "src": "../@openzeppelin/contracts-upgradeable/token/ERC20/ERC20Upgradeable.sol:42"
          },
          {
            "contract": "ERC20Upgradeable",
            "label": "_totalSupply",
            "type": "t_uint256",
            "src": "../@openzeppelin/contracts-upgradeable/token/ERC20/ERC20Upgradeable.sol:44"
          },
          {
            "contract": "ERC20Upgradeable",
            "label": "_name",
            "type": "t_string_storage",
            "src": "../@openzeppelin/contracts-upgradeable/token/ERC20/ERC20Upgradeable.sol:46"
          },
          {
            "contract": "ERC20Upgradeable",
            "label": "_symbol",
            "type": "t_string_storage",
            "src": "../@openzeppelin/contracts-upgradeable/token/ERC20/ERC20Upgradeable.sol:47"
          },
          {
            "contract": "ERC20Upgradeable",
            "label": "__gap",
            "type": "t_array(t_uint256)45_storage",
            "src": "../@openzeppelin/contracts-upgradeable/token/ERC20/ERC20Upgradeable.sol:376"
          },
          {
            "contract": "OwnableUpgradeable",
            "label": "_owner",
            "type": "t_address",
            "src": "../@openzeppelin/contracts-upgradeable/access/OwnableUpgradeable.sol:22"
          },
          {
            "contract": "OwnableUpgradeable",
            "label": "__gap",
            "type": "t_array(t_uint256)49_storage",
            "src": "../@openzeppelin/contracts-upgradeable/access/OwnableUpgradeable.sol:94"
          }
        ],
        "types": {
          "t_address": {
            "label": "address"
          },
          "t_array(t_uint256)49_storage": {
            "label": "uint256[49]"
          },
          "t_uint256": {
            "label": "uint256"
          },
          "t_mapping(t_address,t_uint256)": {
            "label": "mapping(address => uint256)"
          },
          "t_mapping(t_address,t_mapping(t_address,t_uint256))": {
            "label": "mapping(address => mapping(address => uint256))"
          },
          "t_string_storage": {
            "label": "string"
          },
          "t_array(t_uint256)45_storage": {
            "label": "uint256[45]"
          },
          "t_array(t_uint256)50_storage": {
            "label": "uint256[50]"
          },
          "t_uint8": {
            "label": "uint8"
          },
          "t_bool": {
            "label": "bool"
          }
        },
        "namespaces": {}
      }
    },
    "8e3c4fd06c64c4b836a234f57bc56180d729742ebace456b17cfd07ee13a82f6": {
      "address": "0x2F1CAE76b4bF9134dDD367bc66cd23310793AE86",
      "txHash": "0x7bffa733e8258be5fcdc2659ff00fc87842282ded8d7fa1ffe0b082a662b9a7f",
      "layout": {
        "solcVersion": "0.8.10",
        "storage": [
          {
            "contract": "Initializable",
            "label": "_initialized",
            "type": "t_uint8",
            "src": "../@openzeppelin/contracts-upgradeable/proxy/utils/Initializable.sol:63",
            "retypedFrom": "bool"
          },
          {
            "contract": "Initializable",
            "label": "_initializing",
            "type": "t_bool",
            "src": "../@openzeppelin/contracts-upgradeable/proxy/utils/Initializable.sol:68"
          },
          {
            "contract": "ContextUpgradeable",
            "label": "__gap",
            "type": "t_array(t_uint256)50_storage",
            "src": "../@openzeppelin/contracts-upgradeable/utils/ContextUpgradeable.sol:40"
          },
          {
            "contract": "ERC20Upgradeable",
            "label": "_balances",
            "type": "t_mapping(t_address,t_uint256)",
            "src": "../@openzeppelin/contracts-upgradeable/token/ERC20/ERC20Upgradeable.sol:40"
          },
          {
            "contract": "ERC20Upgradeable",
            "label": "_allowances",
            "type": "t_mapping(t_address,t_mapping(t_address,t_uint256))",
            "src": "../@openzeppelin/contracts-upgradeable/token/ERC20/ERC20Upgradeable.sol:42"
          },
          {
            "contract": "ERC20Upgradeable",
            "label": "_totalSupply",
            "type": "t_uint256",
            "src": "../@openzeppelin/contracts-upgradeable/token/ERC20/ERC20Upgradeable.sol:44"
          },
          {
            "contract": "ERC20Upgradeable",
            "label": "_name",
            "type": "t_string_storage",
            "src": "../@openzeppelin/contracts-upgradeable/token/ERC20/ERC20Upgradeable.sol:46"
          },
          {
            "contract": "ERC20Upgradeable",
            "label": "_symbol",
            "type": "t_string_storage",
            "src": "../@openzeppelin/contracts-upgradeable/token/ERC20/ERC20Upgradeable.sol:47"
          },
          {
            "contract": "ERC20Upgradeable",
            "label": "__gap",
            "type": "t_array(t_uint256)45_storage",
            "src": "../@openzeppelin/contracts-upgradeable/token/ERC20/ERC20Upgradeable.sol:376"
          },
          {
            "contract": "OwnableUpgradeable",
            "label": "_owner",
            "type": "t_address",
            "src": "../@openzeppelin/contracts-upgradeable/access/OwnableUpgradeable.sol:22"
          },
          {
            "contract": "OwnableUpgradeable",
            "label": "__gap",
            "type": "t_array(t_uint256)49_storage",
            "src": "../@openzeppelin/contracts-upgradeable/access/OwnableUpgradeable.sol:94"
          }
        ],
        "types": {
          "t_address": {
            "label": "address"
          },
          "t_array(t_uint256)49_storage": {
            "label": "uint256[49]"
          },
          "t_uint256": {
            "label": "uint256"
          },
          "t_mapping(t_address,t_uint256)": {
            "label": "mapping(address => uint256)"
          },
          "t_mapping(t_address,t_mapping(t_address,t_uint256))": {
            "label": "mapping(address => mapping(address => uint256))"
          },
          "t_string_storage": {
            "label": "string"
          },
          "t_array(t_uint256)45_storage": {
            "label": "uint256[45]"
          },
          "t_array(t_uint256)50_storage": {
            "label": "uint256[50]"
          },
          "t_uint8": {
            "label": "uint8"
          },
          "t_bool": {
            "label": "bool"
          }
        },
        "namespaces": {}
      }
    },
    "30402e382bc7862f699b8818cbef391ca3f890db05aaa88d2978714bd85c14ac": {
      "address": "0xCa215578a9Ae94E90Cb05248f309EfA9759BFb66",
      "txHash": "0x8067a5945a6ee9983c17dd57bf7320a2e8e2d46a626cfaa813a8e14d63bfc037",
      "layout": {
        "solcVersion": "0.8.10",
        "storage": [
          {
            "contract": "Initializable",
            "label": "_initialized",
            "type": "t_uint8",
            "src": "../@openzeppelin/contracts-upgradeable/proxy/utils/Initializable.sol:63",
            "retypedFrom": "bool"
          },
          {
            "contract": "Initializable",
            "label": "_initializing",
            "type": "t_bool",
            "src": "../@openzeppelin/contracts-upgradeable/proxy/utils/Initializable.sol:68"
          },
          {
            "contract": "ContextUpgradeable",
            "label": "__gap",
            "type": "t_array(t_uint256)50_storage",
            "src": "../@openzeppelin/contracts-upgradeable/utils/ContextUpgradeable.sol:40"
          },
          {
            "contract": "ERC20Upgradeable",
            "label": "_balances",
            "type": "t_mapping(t_address,t_uint256)",
            "src": "../@openzeppelin/contracts-upgradeable/token/ERC20/ERC20Upgradeable.sol:40"
          },
          {
            "contract": "ERC20Upgradeable",
            "label": "_allowances",
            "type": "t_mapping(t_address,t_mapping(t_address,t_uint256))",
            "src": "../@openzeppelin/contracts-upgradeable/token/ERC20/ERC20Upgradeable.sol:42"
          },
          {
            "contract": "ERC20Upgradeable",
            "label": "_totalSupply",
            "type": "t_uint256",
            "src": "../@openzeppelin/contracts-upgradeable/token/ERC20/ERC20Upgradeable.sol:44"
          },
          {
            "contract": "ERC20Upgradeable",
            "label": "_name",
            "type": "t_string_storage",
            "src": "../@openzeppelin/contracts-upgradeable/token/ERC20/ERC20Upgradeable.sol:46"
          },
          {
            "contract": "ERC20Upgradeable",
            "label": "_symbol",
            "type": "t_string_storage",
            "src": "../@openzeppelin/contracts-upgradeable/token/ERC20/ERC20Upgradeable.sol:47"
          },
          {
            "contract": "ERC20Upgradeable",
            "label": "__gap",
            "type": "t_array(t_uint256)45_storage",
            "src": "../@openzeppelin/contracts-upgradeable/token/ERC20/ERC20Upgradeable.sol:376"
          },
          {
            "contract": "OwnableUpgradeable",
            "label": "_owner",
            "type": "t_address",
            "src": "../@openzeppelin/contracts-upgradeable/access/OwnableUpgradeable.sol:22"
          },
          {
            "contract": "OwnableUpgradeable",
            "label": "__gap",
            "type": "t_array(t_uint256)49_storage",
            "src": "../@openzeppelin/contracts-upgradeable/access/OwnableUpgradeable.sol:94"
          }
        ],
        "types": {
          "t_address": {
            "label": "address"
          },
          "t_array(t_uint256)49_storage": {
            "label": "uint256[49]"
          },
          "t_uint256": {
            "label": "uint256"
          },
          "t_mapping(t_address,t_uint256)": {
            "label": "mapping(address => uint256)"
          },
          "t_mapping(t_address,t_mapping(t_address,t_uint256))": {
            "label": "mapping(address => mapping(address => uint256))"
          },
          "t_string_storage": {
            "label": "string"
          },
          "t_array(t_uint256)45_storage": {
            "label": "uint256[45]"
          },
          "t_array(t_uint256)50_storage": {
            "label": "uint256[50]"
          },
          "t_uint8": {
            "label": "uint8"
          },
          "t_bool": {
            "label": "bool"
          }
        },
        "namespaces": {}
      }
    }
  }
}
